trip_id,start_time,end_time,headway_secs
29c-up,00:00:00,23:59:59,360
29c-down,00:00:00,23:59:59,360
15b-up,00:00:00,23:59:59,420
15b-down,00:00:00,23:59:59,420
spp66-up,00:00:00,23:59:59,420
spp66-down,00:00:00,23:59:59,420
s21g-up,00:00:00,23:59:59,480
s21g-down,00:00:00,23:59:59,480
21-up,00:00:00,23:59:59,480
21-down,00:00:00,23:59:59,480
m21-up,00:00:00,23:59:59,480
m21-down,00:00:00,23:59:59,480
m70a-up,00:00:00,23:59:59,480
m70a-down,00:00:00,23:59:59,480
m7-up,00:00:00,23:59:59,540
m7-down,00:00:00,23:59:59,540
m70c-up,00:00:00,23:59:59,540
m70c-down,00:00:00,23:59:59,540
s21h-up,00:00:00,23:59:59,540
s21h-down,00:00:00,23:59:59,540
t51-up,00:00:00,23:59:59,540
t51-down,00:00:00,23:59:59,540
27b-up,00:00:00,23:59:59,540
27b-down,00:00:00,23:59:59,540
23c-up,00:00:00,23:59:59,540
23c-down,00:00:00,23:59:59,540
m20-up,00:00:00,23:59:59,540
m20-down,00:00:00,23:59:59,540
m248-up,00:00:00,23:59:59,540
m248-down,00:00:00,23:59:59,540
m500-up,00:00:00,23:59:59,540
m500-down,00:00:00,23:59:59,540
44c-up,00:00:00,23:59:59,540
44c-down,00:00:00,23:59:59,540
m2a-up,00:00:00,23:59:59,540
m2a-down,00:00:00,23:59:59,540
m88-up,00:00:00,23:59:59,600
m88-down,00:00:00,23:59:59,600
s25g-up,00:00:00,23:59:59,600
s25g-down,00:00:00,23:59:59,600
5e-up,00:00:00,23:59:59,600
5e-down,00:00:00,23:59:59,600
32-up,00:00:00,23:59:59,600
32-down,00:00:00,23:59:59,600
12g-up,00:00:00,23:59:59,600
12g-down,00:00:00,23:59:59,600
17d-up,00:00:00,23:59:59,600
17d-down,00:00:00,23:59:59,600
18k-up,00:00:00,23:59:59,600
18k-down,00:00:00,23:59:59,600
29a-up,00:00:00,23:59:59,600
29a-down,00:00:00,23:59:59,600
42-up,00:00:00,23:59:59,600
42-down,00:00:00,23:59:59,600
m14-up,00:00:00,23:59:59,600
m14-down,00:00:00,23:59:59,600
m48-up,00:00:00,23:59:59,600
m48-down,00:00:00,23:59:59,600
m54-up,00:00:00,23:59:59,600
m54-down,00:00:00,23:59:59,600
sd70-up,00:00:00,23:59:59,600
sd70-down,00:00:00,23:59:59,600
e18-up,00:00:00,23:59:59,600
e18-down,00:00:00,23:59:59,600
15g-up,00:00:00,23:59:59,660
15g-down,00:00:00,23:59:59,660
47a-up,00:00:00,23:59:59,660
47a-down,00:00:00,23:59:59,660
m55-up,00:00:00,23:59:59,660
m55-down,00:00:00,23:59:59,660
32a-up,00:00:00,23:59:59,660
32a-down,00:00:00,23:59:59,660
m33-up,00:00:00,23:59:59,660
m33-down,00:00:00,23:59:59,660
m48c-up,00:00:00,23:59:59,660
m48c-down,00:00:00,23:59:59,660
s5a-up,00:00:00,23:59:59,660
s5a-down,00:00:00,23:59:59,660
spp19e-up,00:00:00,23:59:59,660
spp19e-down,00:00:00,23:59:59,660
33-up,00:00:00,23:59:59,660
33-down,00:00:00,23:59:59,660
s15b-up,00:00:00,23:59:59,720
s15b-down,00:00:00,23:59:59,720
sv51-up,00:00:00,23:59:59,720
sv51-down,00:00:00,23:59:59,720
56c-up,00:00:00,23:59:59,720
56c-down,00:00:00,23:59:59,720
57-up,00:00:00,23:59:59,720
57-down,00:00:00,23:59:59,720
7b-up,00:00:00,23:59:59,720
7b-down,00:00:00,23:59:59,720
6d-up,00:00:00,23:59:59,720
6d-down,00:00:00,23:59:59,720
37d-up,00:00:00,23:59:59,720
37d-down,00:00:00,23:59:59,720
7f-up,00:00:00,23:59:59,720
7f-down,00:00:00,23:59:59,720
m1-up,00:00:00,23:59:59,720
m1-down,00:00:00,23:59:59,720
m12b-up,00:00:00,23:59:59,720
m12b-down,00:00:00,23:59:59,720
m61c-up,00:00:00,23:59:59,720
m61c-down,00:00:00,23:59:59,720
m8b-up,00:00:00,23:59:59,720
m8b-down,00:00:00,23:59:59,720
s29c-up,00:00:00,23:59:59,720
s29c-down,00:00:00,23:59:59,720
st51-up,00:00:00,23:59:59,720
st51-down,00:00:00,23:59:59,720
5a-up,00:00:00,23:59:59,720
5a-down,00:00:00,23:59:59,720
8b-up,00:00:00,23:59:59,720
8b-down,00:00:00,23:59:59,720
11g-up,00:00:00,23:59:59,780
11g-down,00:00:00,23:59:59,780
21l-up,00:00:00,23:59:59,780
21l-down,00:00:00,23:59:59,780
m49-up,00:00:00,23:59:59,780
m49-down,00:00:00,23:59:59,780
m142-up,00:00:00,23:59:59,780
m142-down,00:00:00,23:59:59,780
m59-up,00:00:00,23:59:59,780
m59-down,00:00:00,23:59:59,780
s19b-up,00:00:00,23:59:59,780
s19b-down,00:00:00,23:59:59,780
s27b-up,00:00:00,23:59:59,780
s27b-down,00:00:00,23:59:59,780
s27d-up,00:00:00,23:59:59,840
s27d-down,00:00:00,23:59:59,840
s62-up,00:00:00,23:59:59,840
s62-down,00:00:00,23:59:59,840
120-up,00:00:00,23:59:59,840
120-down,00:00:00,23:59:59,840
d70-up,00:00:00,23:59:59,840
d70-down,00:00:00,23:59:59,840
27d-up,00:00:00,23:59:59,840
27d-down,00:00:00,23:59:59,840
5656a-up,00:00:00,23:59:59,840
5656a-down,00:00:00,23:59:59,840
g18-up,00:00:00,23:59:59,840
g18-down,00:00:00,23:59:59,840
m27h-up,00:00:00,23:59:59,840
m27h-down,00:00:00,23:59:59,840
56n-up,00:00:00,23:59:59,840
56n-down,00:00:00,23:59:59,840
m119-up,00:00:00,23:59:59,840
m119-down,00:00:00,23:59:59,840
s11h-up,00:00:00,23:59:59,900
s11h-down,00:00:00,23:59:59,900
sc51-up,00:00:00,23:59:59,900
sc51-down,00:00:00,23:59:59,900
sm7-up,00:00:00,23:59:59,900
sm7-down,00:00:00,23:59:59,900
159a-up,00:00:00,23:59:59,900
159a-down,00:00:00,23:59:59,900
27c-up,00:00:00,23:59:59,900
27c-down,00:00:00,23:59:59,900
47-up,00:00:00,23:59:59,900
47-down,00:00:00,23:59:59,900
56d-up,00:00:00,23:59:59,900
56d-down,00:00:00,23:59:59,900
37g-up,00:00:00,23:59:59,900
37g-down,00:00:00,23:59:59,900
m147b-up,00:00:00,23:59:59,900
m147b-down,00:00:00,23:59:59,900
m21g-up,00:00:00,23:59:59,900
m21g-down,00:00:00,23:59:59,900
t21-up,00:00:00,23:59:59,900
t21-down,00:00:00,23:59:59,900
m46-up,00:00:00,23:59:59,900
m46-down,00:00:00,23:59:59,900
s579a-up,00:00:00,23:59:59,900
s579a-down,00:00:00,23:59:59,900
s515-up,00:00:00,23:59:59,960
s515-down,00:00:00,23:59:59,960
s554-up,00:00:00,23:59:59,960
s554-down,00:00:00,23:59:59,960
s7h-up,00:00:00,23:59:59,960
s7h-down,00:00:00,23:59:59,960
5c-up,00:00:00,23:59:59,960
5c-down,00:00:00,23:59:59,960
25g-up,00:00:00,23:59:59,960
25g-down,00:00:00,23:59:59,960
5b-up,00:00:00,23:59:59,960
5b-down,00:00:00,23:59:59,960
7g-up,00:00:00,23:59:59,960
7g-down,00:00:00,23:59:59,960
11h-up,00:00:00,23:59:59,960
11h-down,00:00:00,23:59:59,960
m51e-up,00:00:00,23:59:59,960
m51e-down,00:00:00,23:59:59,960
s23c-up,00:00:00,23:59:59,960
s23c-down,00:00:00,23:59:59,960
s583-up,00:00:00,23:59:59,960
s583-down,00:00:00,23:59:59,960
sm70-up,00:00:00,23:59:59,1020
sm70-down,00:00:00,23:59:59,1020
21g-up,00:00:00,23:59:59,1020
21g-down,00:00:00,23:59:59,1020
28b-up,00:00:00,23:59:59,1020
28b-down,00:00:00,23:59:59,1020
46g-up,00:00:00,23:59:59,1020
46g-down,00:00:00,23:59:59,1020
24a-up,00:00:00,23:59:59,1020
24a-down,00:00:00,23:59:59,1020
65b-up,00:00:00,23:59:59,1020
65b-down,00:00:00,23:59:59,1020
12b-up,00:00:00,23:59:59,1020
12b-down,00:00:00,23:59:59,1020
28-up,00:00:00,23:59:59,1020
28-down,00:00:00,23:59:59,1020
49a-up,00:00:00,23:59:59,1020
49a-down,00:00:00,23:59:59,1020
m38h-up,00:00:00,23:59:59,1020
m38h-down,00:00:00,23:59:59,1020
m70-up,00:00:00,23:59:59,1020
m70-down,00:00:00,23:59:59,1020
s54-up,00:00:00,23:59:59,1020
s54-down,00:00:00,23:59:59,1020
sa1-up,00:00:00,23:59:59,1020
sa1-down,00:00:00,23:59:59,1020
70a70-up,00:00:00,23:59:59,1020
70a70-down,00:00:00,23:59:59,1020
m46g-up,00:00:00,23:59:59,1020
m46g-down,00:00:00,23:59:59,1020
m64c-up,00:00:00,23:59:59,1080
m64c-down,00:00:00,23:59:59,1080
s37g-up,00:00:00,23:59:59,1080
s37g-down,00:00:00,23:59:59,1080
32b-up,00:00:00,23:59:59,1080
32b-down,00:00:00,23:59:59,1080
m147c-up,00:00:00,23:59:59,1080
m147c-down,00:00:00,23:59:59,1080
m5-up,00:00:00,23:59:59,1080
m5-down,00:00:00,23:59:59,1080
15f-up,00:00:00,23:59:59,1080
15f-down,00:00:00,23:59:59,1080
m170c-up,00:00:00,23:59:59,1080
m170c-down,00:00:00,23:59:59,1080
m22-up,00:00:00,23:59:59,1080
m22-down,00:00:00,23:59:59,1080
p57f-up,00:00:00,23:59:59,1080
p57f-down,00:00:00,23:59:59,1080
15f-up,00:00:00,23:59:59,1080
15f-down,00:00:00,23:59:59,1080
22-up,00:00:00,23:59:59,1080
22-down,00:00:00,23:59:59,1080
s1b-up,00:00:00,23:59:59,1140
s1b-down,00:00:00,23:59:59,1140
s49a-up,00:00:00,23:59:59,1140
s49a-down,00:00:00,23:59:59,1140
s500-up,00:00:00,23:59:59,1140
s500-down,00:00:00,23:59:59,1140
s597-up,00:00:00,23:59:59,1140
s597-down,00:00:00,23:59:59,1140
m15-up,00:00:00,23:59:59,1140
m15-down,00:00:00,23:59:59,1140
159b-up,00:00:00,23:59:59,1140
159b-down,00:00:00,23:59:59,1140
t51-up,00:00:00,23:59:59,1140
t51-down,00:00:00,23:59:59,1140
s242-up,00:00:00,23:59:59,1140
s242-down,00:00:00,23:59:59,1140
s27c-up,00:00:00,23:59:59,1140
s27c-down,00:00:00,23:59:59,1140
m159b-up,00:00:00,23:59:59,1140
m159b-down,00:00:00,23:59:59,1140
s28-up,00:00:00,23:59:59,1200
s28-down,00:00:00,23:59:59,1200
s29a-up,00:00:00,23:59:59,1200
s29a-down,00:00:00,23:59:59,1200
114-up,00:00:00,23:59:59,1200
114-down,00:00:00,23:59:59,1200
18a-up,00:00:00,23:59:59,1200
18a-down,00:00:00,23:59:59,1200
114cu-up,00:00:00,23:59:59,1200
114cu-down,00:00:00,23:59:59,1200
56p-up,00:00:00,23:59:59,1200
56p-down,00:00:00,23:59:59,1200
m147a-up,00:00:00,23:59:59,1200
m147a-down,00:00:00,23:59:59,1200
m164-up,00:00:00,23:59:59,1200
m164-down,00:00:00,23:59:59,1200
m27-up,00:00:00,23:59:59,1200
m27-down,00:00:00,23:59:59,1200
m51a-up,00:00:00,23:59:59,1200
m51a-down,00:00:00,23:59:59,1200
m52-up,00:00:00,23:59:59,1200
m52-down,00:00:00,23:59:59,1200
m55a-up,00:00:00,23:59:59,1200
m55a-down,00:00:00,23:59:59,1200
21d-up,00:00:00,23:59:59,1200
21d-down,00:00:00,23:59:59,1200
7h-up,00:00:00,23:59:59,1200
7h-down,00:00:00,23:59:59,1200
m118-up,00:00:00,23:59:59,1200
m118-down,00:00:00,23:59:59,1200
m38c-up,00:00:00,23:59:59,1200
m38c-down,00:00:00,23:59:59,1200
m51g-up,00:00:00,23:59:59,1200
m51g-down,00:00:00,23:59:59,1200
m9m-up,00:00:00,23:59:59,1200
m9m-down,00:00:00,23:59:59,1200
s6d-up,00:00:00,23:59:59,1200
s6d-down,00:00:00,23:59:59,1200
s7m-up,00:00:00,23:59:59,1200
s7m-down,00:00:00,23:59:59,1200
sb51-up,00:00:00,23:59:59,1200
sb51-down,00:00:00,23:59:59,1200
sd18-up,00:00:00,23:59:59,1200
sd18-down,00:00:00,23:59:59,1200
51a-up,00:00:00,23:59:59,1200
51a-down,00:00:00,23:59:59,1200
55a-up,00:00:00,23:59:59,1200
55a-down,00:00:00,23:59:59,1200
s566a-up,00:00:00,23:59:59,1260
s566a-down,00:00:00,23:59:59,1260
13-up,00:00:00,23:59:59,1260
13-down,00:00:00,23:59:59,1260
62a-up,00:00:00,23:59:59,1260
62a-down,00:00:00,23:59:59,1260
m62a-up,00:00:00,23:59:59,1260
m62a-down,00:00:00,23:59:59,1260
11a-up,00:00:00,23:59:59,1320
11a-down,00:00:00,23:59:59,1320
p56d-up,00:00:00,23:59:59,1320
p56d-down,00:00:00,23:59:59,1320
pp19-up,00:00:00,23:59:59,1320
pp19-down,00:00:00,23:59:59,1320
242-up,00:00:00,23:59:59,1320
242-down,00:00:00,23:59:59,1320
g70-up,00:00:00,23:59:59,1320
g70-down,00:00:00,23:59:59,1320
71e-up,00:00:00,23:59:59,1320
71e-down,00:00:00,23:59:59,1320
c70-up,00:00:00,23:59:59,1320
c70-down,00:00:00,23:59:59,1320
m65b-up,00:00:00,23:59:59,1320
m65b-down,00:00:00,23:59:59,1320
m88c-up,00:00:00,23:59:59,1320
m88c-down,00:00:00,23:59:59,1320
54-up,00:00:00,23:59:59,1320
54-down,00:00:00,23:59:59,1320
s583a-up,00:00:00,23:59:59,1380
s583a-down,00:00:00,23:59:59,1380
62-up,00:00:00,23:59:59,1380
62-down,00:00:00,23:59:59,1380
m116a-up,00:00:00,23:59:59,1380
m116a-down,00:00:00,23:59:59,1380
m15fcu-up,00:00:00,23:59:59,1380
m15fcu-down,00:00:00,23:59:59,1380
s47a-up,00:00:00,23:59:59,1440
s47a-down,00:00:00,23:59:59,1440
sm147c-up,00:00:00,23:59:59,1440
sm147c-down,00:00:00,23:59:59,1440
15b-up,00:00:00,23:59:59,1440
15b-down,00:00:00,23:59:59,1440
m53e-up,00:00:00,23:59:59,1440
m53e-down,00:00:00,23:59:59,1440
17e-up,00:00:00,23:59:59,1440
17e-down,00:00:00,23:59:59,1440
k18-up,00:00:00,23:59:59,1440
k18-down,00:00:00,23:59:59,1440
19b-up,00:00:00,23:59:59,1440
19b-down,00:00:00,23:59:59,1440
m253-up,00:00:00,23:59:59,1440
m253-down,00:00:00,23:59:59,1440
s166-up,00:00:00,23:59:59,1440
s166-down,00:00:00,23:59:59,1440
s57f-up,00:00:00,23:59:59,1440
s57f-down,00:00:00,23:59:59,1440
m20e-up,00:00:00,23:59:59,1440
m20e-down,00:00:00,23:59:59,1440
s147c-up,00:00:00,23:59:59,1440
s147c-down,00:00:00,23:59:59,1440
s12b-up,00:00:00,23:59:59,1500
s12b-down,00:00:00,23:59:59,1500
s170-up,00:00:00,23:59:59,1500
s170-down,00:00:00,23:59:59,1500
21h-up,00:00:00,23:59:59,1500
21h-down,00:00:00,23:59:59,1500
6a-up,00:00:00,23:59:59,1500
6a-down,00:00:00,23:59:59,1500
b70-up,00:00:00,23:59:59,1500
b70-down,00:00:00,23:59:59,1500
m18c-up,00:00:00,23:59:59,1500
m18c-down,00:00:00,23:59:59,1500
m45a-up,00:00:00,23:59:59,1500
m45a-down,00:00:00,23:59:59,1500
17mcu-up,00:00:00,23:59:59,1500
17mcu-down,00:00:00,23:59:59,1500
17m-up,00:00:00,23:59:59,1500
17m-down,00:00:00,23:59:59,1500
52b-up,00:00:00,23:59:59,1500
52b-down,00:00:00,23:59:59,1500
7m-up,00:00:00,23:59:59,1500
7m-down,00:00:00,23:59:59,1500
m27l-up,00:00:00,23:59:59,1500
m27l-down,00:00:00,23:59:59,1500
m29b-up,00:00:00,23:59:59,1500
m29b-down,00:00:00,23:59:59,1500
m54a-up,00:00:00,23:59:59,1500
m54a-down,00:00:00,23:59:59,1500
m55ext-up,00:00:00,23:59:59,1500
m55ext-down,00:00:00,23:59:59,1500
m66-up,00:00:00,23:59:59,1500
m66-down,00:00:00,23:59:59,1500
s47d-up,00:00:00,23:59:59,1500
s47d-down,00:00:00,23:59:59,1500
34-up,00:00:00,23:59:59,1500
34-down,00:00:00,23:59:59,1500
52b-up,00:00:00,23:59:59,1500
52b-down,00:00:00,23:59:59,1500
m70v-up,00:00:00,23:59:59,1500
m70v-down,00:00:00,23:59:59,1500
m23-up,00:00:00,23:59:59,1560
m23-down,00:00:00,23:59:59,1560
s15g-up,00:00:00,23:59:59,1560
s15g-down,00:00:00,23:59:59,1560
m70-up,00:00:00,23:59:59,1560
m70-down,00:00:00,23:59:59,1560
159-up,00:00:00,23:59:59,1620
159-down,00:00:00,23:59:59,1620
15f-up,00:00:00,23:59:59,1620
15f-down,00:00:00,23:59:59,1620
88k-up,00:00:00,23:59:59,1620
88k-down,00:00:00,23:59:59,1620
c51-up,00:00:00,23:59:59,1620
c51-down,00:00:00,23:59:59,1620
12-up,00:00:00,23:59:59,1620
12-down,00:00:00,23:59:59,1620
44a-up,00:00:00,23:59:59,1620
44a-down,00:00:00,23:59:59,1620
24c-up,00:00:00,23:59:59,1620
24c-down,00:00:00,23:59:59,1620
s1a-up,00:00:00,23:59:59,1620
s1a-down,00:00:00,23:59:59,1620
s266-up,00:00:00,23:59:59,1620
s266-down,00:00:00,23:59:59,1620
s40a-up,00:00:00,23:59:59,1620
s40a-down,00:00:00,23:59:59,1620
s13-up,00:00:00,23:59:59,1680
s13-down,00:00:00,23:59:59,1680
45b-up,00:00:00,23:59:59,1680
45b-down,00:00:00,23:59:59,1680
m19-up,00:00:00,23:59:59,1680
m19-down,00:00:00,23:59:59,1680
m53-up,00:00:00,23:59:59,1680
m53-down,00:00:00,23:59:59,1680
m12c-up,00:00:00,23:59:59,1680
m12c-down,00:00:00,23:59:59,1680
pp57f-up,00:00:00,23:59:59,1680
pp57f-down,00:00:00,23:59:59,1680
53-up,00:00:00,23:59:59,1680
53-down,00:00:00,23:59:59,1680
88c-up,00:00:00,23:59:59,1680
88c-down,00:00:00,23:59:59,1680
12c-up,00:00:00,23:59:59,1680
12c-down,00:00:00,23:59:59,1680
s27h-up,00:00:00,23:59:59,1680
s27h-down,00:00:00,23:59:59,1680
101-up,00:00:00,23:59:59,1740
101-down,00:00:00,23:59:59,1740
1c-up,00:00:00,23:59:59,1740
1c-down,00:00:00,23:59:59,1740
s101-up,00:00:00,23:59:59,1740
s101-down,00:00:00,23:59:59,1740
s114-up,00:00:00,23:59:59,1740
s114-down,00:00:00,23:59:59,1740
s525-up,00:00:00,23:59:59,1740
s525-down,00:00:00,23:59:59,1740
s592-up,00:00:00,23:59:59,1740
s592-down,00:00:00,23:59:59,1740
s517-up,00:00:00,23:59:59,1800
s517-down,00:00:00,23:59:59,1800
153-up,00:00:00,23:59:59,1800
153-down,00:00:00,23:59:59,1800
44b-up,00:00:00,23:59:59,1800
44b-down,00:00:00,23:59:59,1800
71d-up,00:00:00,23:59:59,1800
71d-down,00:00:00,23:59:59,1800
m18-up,00:00:00,23:59:59,1800
m18-down,00:00:00,23:59:59,1800
m53g-up,00:00:00,23:59:59,1800
m53g-down,00:00:00,23:59:59,1800
66-up,00:00:00,23:59:59,1800
66-down,00:00:00,23:59:59,1800
m17-up,00:00:00,23:59:59,1800
m17-down,00:00:00,23:59:59,1800
m19b-up,00:00:00,23:59:59,1800
m19b-down,00:00:00,23:59:59,1800
m42b-up,00:00:00,23:59:59,1800
m42b-down,00:00:00,23:59:59,1800
m57-up,00:00:00,23:59:59,1800
m57-down,00:00:00,23:59:59,1800
s17e-up,00:00:00,23:59:59,1800
s17e-down,00:00:00,23:59:59,1800
s570-up,00:00:00,23:59:59,1800
s570-down,00:00:00,23:59:59,1800
572-up,00:00:00,23:59:59,1800
572-down,00:00:00,23:59:59,1800
17-up,00:00:00,23:59:59,1800
17-down,00:00:00,23:59:59,1800
53g-up,00:00:00,23:59:59,1800
53g-down,00:00:00,23:59:59,1800
sm27h-up,00:00:00,23:59:59,1920
sm27h-down,00:00:00,23:59:59,1920
st151-up,00:00:00,23:59:59,1920
st151-down,00:00:00,23:59:59,1920
17m-up,00:00:00,23:59:59,1920
17m-down,00:00:00,23:59:59,1920
1-up,00:00:00,23:59:59,1920
1-down,00:00:00,23:59:59,1920
40a-up,00:00:00,23:59:59,1920
40a-down,00:00:00,23:59:59,1920
s549-up,00:00:00,23:59:59,1920
s549-down,00:00:00,23:59:59,1920
s566-up,00:00:00,23:59:59,1920
s566-down,00:00:00,23:59:59,1920
s599-up,00:00:00,23:59:59,1920
s599-down,00:00:00,23:59:59,1920
s70a70-up,00:00:00,23:59:59,1920
s70a70-down,00:00:00,23:59:59,1920
m114cu-up,00:00:00,23:59:59,1920
m114cu-down,00:00:00,23:59:59,1920
s46-up,00:00:00,23:59:59,1980
s46-down,00:00:00,23:59:59,1980
29e-up,00:00:00,23:59:59,1980
29e-down,00:00:00,23:59:59,1980
t1-up,00:00:00,23:59:59,1980
t1-down,00:00:00,23:59:59,1980
m28-up,00:00:00,23:59:59,1980
m28-down,00:00:00,23:59:59,1980
m29e-up,00:00:00,23:59:59,1980
m29e-down,00:00:00,23:59:59,1980
44-up,00:00:00,23:59:59,1980
44-down,00:00:00,23:59:59,1980
m21c-up,00:00:00,23:59:59,1980
m21c-down,00:00:00,23:59:59,1980
m48a-up,00:00:00,23:59:59,1980
m48a-down,00:00:00,23:59:59,1980
m51b-up,00:00:00,23:59:59,1980
m51b-down,00:00:00,23:59:59,1980
70c-up,00:00:00,23:59:59,1980
70c-down,00:00:00,23:59:59,1980
s170t-up,00:00:00,23:59:59,2040
s170t-down,00:00:00,23:59:59,2040
s500b-up,00:00:00,23:59:59,2040
s500b-down,00:00:00,23:59:59,2040
sm49-up,00:00:00,23:59:59,2040
sm49-down,00:00:00,23:59:59,2040
spp21-up,00:00:00,23:59:59,2040
spp21-down,00:00:00,23:59:59,2040
1b-up,00:00:00,23:59:59,2040
1b-down,00:00:00,23:59:59,2040
47d-up,00:00:00,23:59:59,2040
47d-down,00:00:00,23:59:59,2040
pp21-up,00:00:00,23:59:59,2040
pp21-down,00:00:00,23:59:59,2040
b18-up,00:00:00,23:59:59,2040
b18-down,00:00:00,23:59:59,2040
m142b-up,00:00:00,23:59:59,2040
m142b-down,00:00:00,23:59:59,2040
32ext-up,00:00:00,23:59:59,2040
32ext-down,00:00:00,23:59:59,2040
m45-up,00:00:00,23:59:59,2040
m45-down,00:00:00,23:59:59,2040
s588-up,00:00:00,23:59:59,2040
s588-down,00:00:00,23:59:59,2040
s17d-up,00:00:00,23:59:59,2100
s17d-down,00:00:00,23:59:59,2100
s47-up,00:00:00,23:59:59,2100
s47-down,00:00:00,23:59:59,2100
sg18-up,00:00:00,23:59:59,2100
sg18-down,00:00:00,23:59:59,2100
18e-up,00:00:00,23:59:59,2100
18e-down,00:00:00,23:59:59,2100
20e-up,00:00:00,23:59:59,2100
20e-down,00:00:00,23:59:59,2100
138a-up,00:00:00,23:59:59,2100
138a-down,00:00:00,23:59:59,2100
18d-up,00:00:00,23:59:59,2100
18d-down,00:00:00,23:59:59,2100
m19h-up,00:00:00,23:59:59,2100
m19h-down,00:00:00,23:59:59,2100
37b-up,00:00:00,23:59:59,2100
37b-down,00:00:00,23:59:59,2100
56e-up,00:00:00,23:59:59,2100
56e-down,00:00:00,23:59:59,2100
m119a-up,00:00:00,23:59:59,2100
m119a-down,00:00:00,23:59:59,2100
m119c-up,00:00:00,23:59:59,2100
m119c-down,00:00:00,23:59:59,2100
s5e-up,00:00:00,23:59:59,2100
s5e-down,00:00:00,23:59:59,2100
17d-up,00:00:00,23:59:59,2100
17d-down,00:00:00,23:59:59,2100
19h-up,00:00:00,23:59:59,2100
19h-down,00:00:00,23:59:59,2100
m56e-up,00:00:00,23:59:59,2100
m56e-down,00:00:00,23:59:59,2100
5e-up,00:00:00,23:59:59,2100
5e-down,00:00:00,23:59:59,2100
28a-up,00:00:00,23:59:59,2160
28a-down,00:00:00,23:59:59,2160
54l-up,00:00:00,23:59:59,2160
54l-down,00:00:00,23:59:59,2160
s11a-up,00:00:00,23:59:59,2220
s11a-down,00:00:00,23:59:59,2220
sp56d-up,00:00:00,23:59:59,2220
sp56d-down,00:00:00,23:59:59,2220
a45b-up,00:00:00,23:59:59,2220
a45b-down,00:00:00,23:59:59,2220
m54b-up,00:00:00,23:59:59,2220
m54b-down,00:00:00,23:59:59,2220
a57-up,00:00:00,23:59:59,2220
a57-down,00:00:00,23:59:59,2220
54b-up,00:00:00,23:59:59,2220
54b-down,00:00:00,23:59:59,2220
29n-up,00:00:00,23:59:59,2280
29n-down,00:00:00,23:59:59,2280
b18-up,00:00:00,23:59:59,2280
b18-down,00:00:00,23:59:59,2280
15-up,00:00:00,23:59:59,2280
15-down,00:00:00,23:59:59,2280
19g-up,00:00:00,23:59:59,2280
19g-down,00:00:00,23:59:59,2280
153-up,00:00:00,23:59:59,2280
153-down,00:00:00,23:59:59,2280
34-up,00:00:00,23:59:59,2280
34-down,00:00:00,23:59:59,2280
s159a-up,00:00:00,23:59:59,2280
s159a-down,00:00:00,23:59:59,2280
s17m-up,00:00:00,23:59:59,2280
s17m-down,00:00:00,23:59:59,2280
s521-up,00:00:00,23:59:59,2280
s521-down,00:00:00,23:59:59,2280
m37b-up,00:00:00,23:59:59,2280
m37b-down,00:00:00,23:59:59,2280
m70s-up,00:00:00,23:59:59,2280
m70s-down,00:00:00,23:59:59,2280
s170a-up,00:00:00,23:59:59,2400
s170a-down,00:00:00,23:59:59,2400
s578-up,00:00:00,23:59:59,2400
s578-down,00:00:00,23:59:59,2400
1a-up,00:00:00,23:59:59,2400
1a-down,00:00:00,23:59:59,2400
52k-up,00:00:00,23:59:59,2400
52k-down,00:00:00,23:59:59,2400
5b-up,00:00:00,23:59:59,2400
5b-down,00:00:00,23:59:59,2400
m11-up,00:00:00,23:59:59,2400
m11-down,00:00:00,23:59:59,2400
m45e-up,00:00:00,23:59:59,2400
m45e-down,00:00:00,23:59:59,2400
m51v-up,00:00:00,23:59:59,2400
m51v-down,00:00:00,23:59:59,2400
m157-up,00:00:00,23:59:59,2400
m157-down,00:00:00,23:59:59,2400
m127b-up,00:00:00,23:59:59,2400
m127b-down,00:00:00,23:59:59,2400
m61dct-up,00:00:00,23:59:59,2400
m61dct-down,00:00:00,23:59:59,2400
m70-up,00:00:00,23:59:59,2400
m70-down,00:00:00,23:59:59,2400
s1g-up,00:00:00,23:59:59,2400
s1g-down,00:00:00,23:59:59,2400
592a-up,00:00:00,23:59:59,2400
592a-down,00:00:00,23:59:59,2400
m121a-up,00:00:00,23:59:59,2400
m121a-down,00:00:00,23:59:59,2400
m61k-up,00:00:00,23:59:59,2400
m61k-down,00:00:00,23:59:59,2400
13b-up,00:00:00,23:59:59,2520
13b-down,00:00:00,23:59:59,2520
m18h-up,00:00:00,23:59:59,2520
m18h-down,00:00:00,23:59:59,2520
18h-up,00:00:00,23:59:59,2520
18h-down,00:00:00,23:59:59,2520
s71e-up,00:00:00,23:59:59,2580
s71e-down,00:00:00,23:59:59,2580
sa51-up,00:00:00,23:59:59,2580
sa51-down,00:00:00,23:59:59,2580
se18-up,00:00:00,23:59:59,2580
se18-down,00:00:00,23:59:59,2580
a51-up,00:00:00,23:59:59,2580
a51-down,00:00:00,23:59:59,2580
s27l-up,00:00:00,23:59:59,2640
s27l-down,00:00:00,23:59:59,2640
sc70-up,00:00:00,23:59:59,2640
sc70-down,00:00:00,23:59:59,2640
27l-up,00:00:00,23:59:59,2640
27l-down,00:00:00,23:59:59,2640
159an-up,00:00:00,23:59:59,2640
159an-down,00:00:00,23:59:59,2640
m21k-up,00:00:00,23:59:59,2640
m21k-down,00:00:00,23:59:59,2640
m50-up,00:00:00,23:59:59,2640
m50-down,00:00:00,23:59:59,2640
21k-up,00:00:00,23:59:59,2640
21k-down,00:00:00,23:59:59,2640
23m-up,00:00:00,23:59:59,2640
23m-down,00:00:00,23:59:59,2640
50-up,00:00:00,23:59:59,2640
50-down,00:00:00,23:59:59,2640
11-up,00:00:00,23:59:59,2700
11-down,00:00:00,23:59:59,2700
11-up,00:00:00,23:59:59,2700
11-down,00:00:00,23:59:59,2700
15fcu-up,00:00:00,23:59:59,2700
15fcu-down,00:00:00,23:59:59,2700
18-up,00:00:00,23:59:59,2700
18-down,00:00:00,23:59:59,2700
s32b-up,00:00:00,23:59:59,2700
s32b-down,00:00:00,23:59:59,2700
s519-up,00:00:00,23:59:59,2700
s519-down,00:00:00,23:59:59,2700
s7f-up,00:00:00,23:59:59,2700
s7f-down,00:00:00,23:59:59,2700
514-up,00:00:00,23:59:59,2700
514-down,00:00:00,23:59:59,2700
7f-up,00:00:00,23:59:59,2700
7f-down,00:00:00,23:59:59,2700
52l-up,00:00:00,23:59:59,2820
52l-down,00:00:00,23:59:59,2820
7hext-up,00:00:00,23:59:59,2820
7hext-down,00:00:00,23:59:59,2820
d70-up,00:00:00,23:59:59,2820
d70-down,00:00:00,23:59:59,2820
h21-up,00:00:00,23:59:59,2820
h21-down,00:00:00,23:59:59,2820
m18m-up,00:00:00,23:59:59,2820
m18m-down,00:00:00,23:59:59,2820
m46b-up,00:00:00,23:59:59,2820
m46b-down,00:00:00,23:59:59,2820
m51-up,00:00:00,23:59:59,2820
m51-down,00:00:00,23:59:59,2820
70-up,00:00:00,23:59:59,2820
70-down,00:00:00,23:59:59,2820
7e-up,00:00:00,23:59:59,2820
7e-down,00:00:00,23:59:59,2820
b51-up,00:00:00,23:59:59,2820
b51-down,00:00:00,23:59:59,2820
d51-up,00:00:00,23:59:59,2820
d51-down,00:00:00,23:59:59,2820
g18-up,00:00:00,23:59:59,2820
g18-down,00:00:00,23:59:59,2820
m7hext-up,00:00:00,23:59:59,2820
m7hext-down,00:00:00,23:59:59,2820
138a-up,00:00:00,23:59:59,2820
138a-down,00:00:00,23:59:59,2820
s547-up,00:00:00,23:59:59,2880
s547-down,00:00:00,23:59:59,2880
s553-up,00:00:00,23:59:59,2880
s553-down,00:00:00,23:59:59,2880
s596-up,00:00:00,23:59:59,2880
s596-down,00:00:00,23:59:59,2880
sc56c-up,00:00:00,23:59:59,2880
sc56c-down,00:00:00,23:59:59,2880
m40-up,00:00:00,23:59:59,2880
m40-down,00:00:00,23:59:59,2880
m62-up,00:00:00,23:59:59,3000
m62-down,00:00:00,23:59:59,3000
m70d-up,00:00:00,23:59:59,3000
m70d-down,00:00:00,23:59:59,3000
m80-up,00:00:00,23:59:59,3000
m80-down,00:00:00,23:59:59,3000
s41d-up,00:00:00,23:59:59,3000
s41d-down,00:00:00,23:59:59,3000
s56p-up,00:00:00,23:59:59,3000
s56p-down,00:00:00,23:59:59,3000
21g-up,00:00:00,23:59:59,3000
21g-down,00:00:00,23:59:59,3000
254-up,00:00:00,23:59:59,3000
254-down,00:00:00,23:59:59,3000
41dex-up,00:00:00,23:59:59,3000
41dex-down,00:00:00,23:59:59,3000
m52c-up,00:00:00,23:59:59,3000
m52c-down,00:00:00,23:59:59,3000
m54c-up,00:00:00,23:59:59,3000
m54c-down,00:00:00,23:59:59,3000
46-up,00:00:00,23:59:59,3000
46-down,00:00:00,23:59:59,3000
a47-up,00:00:00,23:59:59,3000
a47-down,00:00:00,23:59:59,3000
m121g-up,00:00:00,23:59:59,3000
m121g-down,00:00:00,23:59:59,3000
m19d-up,00:00:00,23:59:59,3000
m19d-down,00:00:00,23:59:59,3000
m20p-up,00:00:00,23:59:59,3000
m20p-down,00:00:00,23:59:59,3000
m29k-up,00:00:00,23:59:59,3000
m29k-down,00:00:00,23:59:59,3000
m33a-up,00:00:00,23:59:59,3000
m33a-down,00:00:00,23:59:59,3000
m4-up,00:00:00,23:59:59,3000
m4-down,00:00:00,23:59:59,3000
m52b-up,00:00:00,23:59:59,3000
m52b-down,00:00:00,23:59:59,3000
m53k-up,00:00:00,23:59:59,3000
m53k-down,00:00:00,23:59:59,3000
m55d-up,00:00:00,23:59:59,3000
m55d-down,00:00:00,23:59:59,3000
s21l-up,00:00:00,23:59:59,3000
s21l-down,00:00:00,23:59:59,3000
s254-up,00:00:00,23:59:59,3000
s254-down,00:00:00,23:59:59,3000
s582-up,00:00:00,23:59:59,3000
s582-down,00:00:00,23:59:59,3000
wa1-up,00:00:00,23:59:59,3000
wa1-down,00:00:00,23:59:59,3000
21l-up,00:00:00,23:59:59,3000
21l-down,00:00:00,23:59:59,3000
254-up,00:00:00,23:59:59,3000
254-down,00:00:00,23:59:59,3000
121g-up,00:00:00,23:59:59,3000
121g-down,00:00:00,23:59:59,3000
15bx-up,00:00:00,23:59:59,3000
15bx-down,00:00:00,23:59:59,3000
19d-up,00:00:00,23:59:59,3000
19d-down,00:00:00,23:59:59,3000
29k-up,00:00:00,23:59:59,3000
29k-down,00:00:00,23:59:59,3000
53k-up,00:00:00,23:59:59,3000
53k-down,00:00:00,23:59:59,3000
54c-up,00:00:00,23:59:59,3000
54c-down,00:00:00,23:59:59,3000
55d-up,00:00:00,23:59:59,3000
55d-down,00:00:00,23:59:59,3000
80-up,00:00:00,23:59:59,3000
80-down,00:00:00,23:59:59,3000
s37d-up,00:00:00,23:59:59,3000
s37d-down,00:00:00,23:59:59,3000
s88-up,00:00:00,23:59:59,3000
s88-down,00:00:00,23:59:59,3000
37d-up,00:00:00,23:59:59,3000
37d-down,00:00:00,23:59:59,3000
s502-up,00:00:00,23:59:59,3180
s502-down,00:00:00,23:59:59,3180
m159e-up,00:00:00,23:59:59,3180
m159e-down,00:00:00,23:59:59,3180
s557-up,00:00:00,23:59:59,3180
s557-down,00:00:00,23:59:59,3180
a18-up,00:00:00,23:59:59,3240
a18-down,00:00:00,23:59:59,3240
23c-up,00:00:00,23:59:59,3240
23c-down,00:00:00,23:59:59,3240
m20b-up,00:00:00,23:59:59,3240
m20b-down,00:00:00,23:59:59,3240
22a-up,00:00:00,23:59:59,3240
22a-down,00:00:00,23:59:59,3240
m64p-up,00:00:00,23:59:59,3240
m64p-down,00:00:00,23:59:59,3240
25g-up,00:00:00,23:59:59,3240
25g-down,00:00:00,23:59:59,3240
157-up,00:00:00,23:59:59,3240
157-down,00:00:00,23:59:59,3240
m56k-up,00:00:00,23:59:59,3240
m56k-down,00:00:00,23:59:59,3240
m18b-up,00:00:00,23:59:59,3300
m18b-down,00:00:00,23:59:59,3300
m25a-up,00:00:00,23:59:59,3300
m25a-down,00:00:00,23:59:59,3300
m11a-up,00:00:00,23:59:59,3300
m11a-down,00:00:00,23:59:59,3300
m45aex-up,00:00:00,23:59:59,3300
m45aex-down,00:00:00,23:59:59,3300
m19v-up,00:00:00,23:59:59,3300
m19v-down,00:00:00,23:59:59,3300
m5g-up,00:00:00,23:59:59,3300
m5g-down,00:00:00,23:59:59,3300
m7s-up,00:00:00,23:59:59,3300
m7s-down,00:00:00,23:59:59,3300
s7070a-up,00:00:00,23:59:59,3300
s7070a-down,00:00:00,23:59:59,3300
sa57-up,00:00:00,23:59:59,3300
sa57-down,00:00:00,23:59:59,3300
18b-up,00:00:00,23:59:59,3300
18b-down,00:00:00,23:59:59,3300
19v-up,00:00:00,23:59:59,3300
19v-down,00:00:00,23:59:59,3300
7s-up,00:00:00,23:59:59,3300
7s-down,00:00:00,23:59:59,3300
5g-up,00:00:00,23:59:59,3300
5g-down,00:00:00,23:59:59,3300
pp51-up,00:00:00,23:59:59,3420
pp51-down,00:00:00,23:59:59,3420
s568-up,00:00:00,23:59:59,3420
s568-down,00:00:00,23:59:59,3420
29dext-up,00:00:00,23:59:59,3420
29dext-down,00:00:00,23:59:59,3420
a51-up,00:00:00,23:59:59,3420
a51-down,00:00:00,23:59:59,3420
m70e-up,00:00:00,23:59:59,3420
m70e-down,00:00:00,23:59:59,3420
m7k-up,00:00:00,23:59:59,3600
m7k-down,00:00:00,23:59:59,3600
m89-up,00:00:00,23:59:59,3600
m89-down,00:00:00,23:59:59,3600
s512-up,00:00:00,23:59:59,3600
s512-down,00:00:00,23:59:59,3600
s555-up,00:00:00,23:59:59,3600
s555-down,00:00:00,23:59:59,3600
s563-up,00:00:00,23:59:59,3600
s563-down,00:00:00,23:59:59,3600
s571-up,00:00:00,23:59:59,3600
s571-down,00:00:00,23:59:59,3600
17e-up,00:00:00,23:59:59,3600
17e-down,00:00:00,23:59:59,3600
555-up,00:00:00,23:59:59,3600
555-down,00:00:00,23:59:59,3600
17k-up,00:00:00,23:59:59,3600
17k-down,00:00:00,23:59:59,3600
21e-up,00:00:00,23:59:59,3600
21e-down,00:00:00,23:59:59,3600
5a-up,00:00:00,23:59:59,3600
5a-down,00:00:00,23:59:59,3600
5k-up,00:00:00,23:59:59,3600
5k-down,00:00:00,23:59:59,3600
88cex-up,00:00:00,23:59:59,3600
88cex-down,00:00:00,23:59:59,3600
1d-up,00:00:00,23:59:59,3600
1d-down,00:00:00,23:59:59,3600
m17mex-up,00:00:00,23:59:59,3600
m17mex-down,00:00:00,23:59:59,3600
m52ext-up,00:00:00,23:59:59,3600
m52ext-down,00:00:00,23:59:59,3600
121a-up,00:00:00,23:59:59,3600
121a-down,00:00:00,23:59:59,3600
17b-up,00:00:00,23:59:59,3600
17b-down,00:00:00,23:59:59,3600
38c-up,00:00:00,23:59:59,3600
38c-down,00:00:00,23:59:59,3600
m20eex-up,00:00:00,23:59:59,3600
m20eex-down,00:00:00,23:59:59,3600
m55c-up,00:00:00,23:59:59,3600
m55c-down,00:00:00,23:59:59,3600
17mex-up,00:00:00,23:59:59,3600
17mex-down,00:00:00,23:59:59,3600
53e-up,00:00:00,23:59:59,3600
53e-down,00:00:00,23:59:59,3600
55c-up,00:00:00,23:59:59,3600
55c-down,00:00:00,23:59:59,3600
88cex-up,00:00:00,23:59:59,3600
88cex-down,00:00:00,23:59:59,3600
512-up,00:00:00,23:59:59,3600
512-down,00:00:00,23:59:59,3600
54l-up,00:00:00,23:59:59,3600
54l-down,00:00:00,23:59:59,3600
s19g-up,00:00:00,23:59:59,3840
s19g-down,00:00:00,23:59:59,3840
m65e-up,00:00:00,23:59:59,3900
m65e-down,00:00:00,23:59:59,3900
m88d-up,00:00:00,23:59:59,3900
m88d-down,00:00:00,23:59:59,3900
s12g-up,00:00:00,23:59:59,3900
s12g-down,00:00:00,23:59:59,3900
s32a-up,00:00:00,23:59:59,3900
s32a-down,00:00:00,23:59:59,3900
28c-up,00:00:00,23:59:59,3900
28c-down,00:00:00,23:59:59,3900
5a-up,00:00:00,23:59:59,3900
5a-down,00:00:00,23:59:59,3900
m152n-up,00:00:00,23:59:59,3900
m152n-down,00:00:00,23:59:59,3900
m154b-up,00:00:00,23:59:59,3900
m154b-down,00:00:00,23:59:59,3900
m29aex-up,00:00:00,23:59:59,3900
m29aex-down,00:00:00,23:59:59,3900
m29axt-up,00:00:00,23:59:59,3900
m29axt-down,00:00:00,23:59:59,3900
m42c-up,00:00:00,23:59:59,3900
m42c-down,00:00:00,23:59:59,3900
159d-up,00:00:00,23:59:59,3900
159d-down,00:00:00,23:59:59,3900
17a-up,00:00:00,23:59:59,3900
17a-down,00:00:00,23:59:59,3900
n45b-up,00:00:00,23:59:59,3900
n45b-down,00:00:00,23:59:59,3900
m12bet-up,00:00:00,23:59:59,3900
m12bet-down,00:00:00,23:59:59,3900
m170b-up,00:00:00,23:59:59,3900
m170b-down,00:00:00,23:59:59,3900
m51k-up,00:00:00,23:59:59,3900
m51k-down,00:00:00,23:59:59,3900
m51p-up,00:00:00,23:59:59,3900
m51p-down,00:00:00,23:59:59,3900
m54e-up,00:00:00,23:59:59,3900
m54e-down,00:00:00,23:59:59,3900
m154-up,00:00:00,23:59:59,3900
m154-down,00:00:00,23:59:59,3900
s46g-up,00:00:00,23:59:59,3900
s46g-down,00:00:00,23:59:59,3900
s583c-up,00:00:00,23:59:59,3900
s583c-down,00:00:00,23:59:59,3900
12bet-up,00:00:00,23:59:59,3900
12bet-down,00:00:00,23:59:59,3900
154-up,00:00:00,23:59:59,3900
154-down,00:00:00,23:59:59,3900
51k-up,00:00:00,23:59:59,3900
51k-down,00:00:00,23:59:59,3900
88d-up,00:00:00,23:59:59,3900
88d-down,00:00:00,23:59:59,3900
m159d-up,00:00:00,23:59:59,3900
m159d-down,00:00:00,23:59:59,3900
m17a-up,00:00:00,23:59:59,3900
m17a-down,00:00:00,23:59:59,3900
49a-up,00:00:00,23:59:59,3900
49a-down,00:00:00,23:59:59,3900
101-up,00:00:00,23:59:59,4020
101-down,00:00:00,23:59:59,4020
29l-up,00:00:00,23:59:59,4020
29l-down,00:00:00,23:59:59,4020
41d-up,00:00:00,23:59:59,4020
41d-down,00:00:00,23:59:59,4020
d41-up,00:00:00,23:59:59,4020
d41-down,00:00:00,23:59:59,4020
1d-up,00:00:00,23:59:59,4020
1d-down,00:00:00,23:59:59,4020
578a-up,00:00:00,23:59:59,4020
578a-down,00:00:00,23:59:59,4020
5t-up,00:00:00,23:59:59,4080
5t-down,00:00:00,23:59:59,4080
m5ecut-up,00:00:00,23:59:59,4200
m5ecut-down,00:00:00,23:59:59,4200
s170c-up,00:00:00,23:59:59,4200
s170c-down,00:00:00,23:59:59,4200
s54f-up,00:00:00,23:59:59,4200
s54f-down,00:00:00,23:59:59,4200
sm15ex-up,00:00:00,23:59:59,4200
sm15ex-down,00:00:00,23:59:59,4200
w29c-up,00:00:00,23:59:59,4200
w29c-down,00:00:00,23:59:59,4200
wd70-up,00:00:00,23:59:59,4200
wd70-down,00:00:00,23:59:59,4200
29c-up,00:00:00,23:59:59,4200
29c-down,00:00:00,23:59:59,4200
505a-up,00:00:00,23:59:59,4200
505a-down,00:00:00,23:59:59,4200
18a-up,00:00:00,23:59:59,4200
18a-down,00:00:00,23:59:59,4200
18p-up,00:00:00,23:59:59,4200
18p-down,00:00:00,23:59:59,4200
11aex-up,00:00:00,23:59:59,4200
11aex-down,00:00:00,23:59:59,4200
21lex-up,00:00:00,23:59:59,4200
21lex-down,00:00:00,23:59:59,4200
41c-up,00:00:00,23:59:59,4200
41c-down,00:00:00,23:59:59,4200
